[
  {
    "station_uid": "sn-00dd1efc6f306e1e",
    "name": "みのおエフエム (Minoh FM) live",
    "radio_uid": "rd-r42pzs8klj30mhx",
    "likes": 0,
    "popularity": 0,
    "frequency": "",
    "categories": "Community,News",
    "website": "",
    "city": "Minoh",
    "state": "Ōsaka",
    "country": "Japan",
    "streams": "[\"http://fm.minoh.net/\", \"http://musicbird.leanstream.co/JCB102-MP3\", \"http://hdv5.nkansai.tv/minoh\", \"https://musicbird-hls.leanstream.co/musicbird/JCB102.stream/playlist.m3u8\"]",
    "icon_image": "http://res.cloudinary.com/megabyt-4/image/upload/v1586791718/tarana-radio-app/thumbnail-icons/japan/osaka/minoh/sn-00dd1efc6f306e1e.png",
    "player_image": "http://res.cloudinary.com/megabytdev/image/upload/v1586664279/tarana-radio-app/media-icons/japan/osaka/minoh/sn-00dd1efc6f306e1e.png",
    "status": "playing"
  },
  {
    "station_uid": "sn-12d175376de0d639",
    "name": "FM うしくうれしく放送 (FM-UU) live",
    "radio_uid": "rd-x9tgjt7mku605lh",
    "likes": 0,
    "popularity": 0,
    "frequency": "",
    "categories": "",
    "website": "",
    "city": "Unknown",
    "state": "Ibaraki",
    "country": "Japan",
    "streams": "[\"http://fmuu.jp/\", \"http://fmuu.jp/simul/fmuu_simul_stop.mp3\", \"http://hdv4.nkansai.tv/fmuu\"]",
    "icon_image": "http://res.cloudinary.com/megabyt-4/image/upload/v1586791620/tarana-radio-app/thumbnail-icons/japan/ibaraki/unknown/sn-12d175376de0d639.jpg",
    "player_image": "http://res.cloudinary.com/megabytdev/image/upload/v1586664175/tarana-radio-app/media-icons/japan/ibaraki/unknown/sn-12d175376de0d639.jpg",
    "status": "playing"
  },
  {
    "station_uid": "sn-178cca8b5014b645",
    "name": "Dada More Radio live",
    "radio_uid": "rd-x3us1o4ifov7g31",
    "likes": 0,
    "popularity": 0,
    "frequency": "",
    "categories": "J-pop",
    "website": "",
    "city": "Tokyo",
    "state": "Tokyo",
    "country": "Japan",
    "streams": "[\"http://dadamore2.ddo.jp:8000/;\"]",
    "icon_image": "http://res.cloudinary.com/megabyt-4/image/upload/v1586791779/tarana-radio-app/thumbnail-icons/japan/tokyo/tokyo/sn-178cca8b5014b645.png",
    "player_image": "http://res.cloudinary.com/megabytdev/image/upload/v1586664340/tarana-radio-app/media-icons/japan/tokyo/tokyo/sn-178cca8b5014b645.png",
    "status": "playing"
  },
  {
    "station_uid": "sn-192efb2071cb42c0",
    "name": "Super Tokio Radio live",
    "radio_uid": "rd-hw3dkm1iq0dfzcg",
    "likes": 0,
    "popularity": 0,
    "frequency": "",
    "categories": "Latino,Reggaeton,Top 40",
    "website": "",
    "city": "Tokyo",
    "state": "Tokyo",
    "country": "Japan",
    "streams": "[\"https://streamer.radio.co/s83eb8ff39/listen\"]",
    "icon_image": "http://res.cloudinary.com/megabyt-4/image/upload/v1586791780/tarana-radio-app/thumbnail-icons/japan/tokyo/tokyo/sn-192efb2071cb42c0.jpg",
    "player_image": "http://res.cloudinary.com/megabytdev/image/upload/v1586664341/tarana-radio-app/media-icons/japan/tokyo/tokyo/sn-192efb2071cb42c0.jpg",
    "status": "playing"
  },
  {
    "station_uid": "sn-22e9f46c3c4637e2",
    "name": "Pioneer DJ Radio live",
    "radio_uid": "rd-tc3564kfoq15mj3",
    "likes": 0,
    "popularity": 0,
    "frequency": "",
    "categories": "Electronic,House,Techno",
    "website": "",
    "city": "Yokohama",
    "state": "Kanagawa",
    "country": "Japan",
    "streams": "[\"http://94.75.227.133:8550/;\", \"http://s1.sonicabroadcast.com:8550/;listen.mp3\", \"http://s3.sonicabroadcast.com:8550/;\"]",
    "icon_image": "http://res.cloudinary.com/megabyt-4/image/upload/v1586791642/tarana-radio-app/thumbnail-icons/japan/kanagawa/yokohama/sn-22e9f46c3c4637e2.png",
    "player_image": "http://res.cloudinary.com/megabytdev/image/upload/v1586664198/tarana-radio-app/media-icons/japan/kanagawa/yokohama/sn-22e9f46c3c4637e2.png",
    "status": "playing"
  },
  {
    "station_uid": "sn-3ad08dee65fbe51d",
    "name": "FM ニライ (FM Nirai) live",
    "radio_uid": "rd-carytl0kdmrqhsp",
    "likes": 0,
    "popularity": 0,
    "frequency": "",
    "categories": "Local,News,Pop Music",
    "website": "",
    "city": "Chatan",
    "state": "Okinawa",
    "country": "Japan",
    "streams": "[\"https://mtist.as.smartstream.ne.jp/30003/livestream/playlist.m3u8\", \"http://hdv3.nkansai.tv/nirai\"]",
    "icon_image": "http://res.cloudinary.com/megabyt-4/image/upload/v1586791698/tarana-radio-app/thumbnail-icons/japan/okinawa/chatan/sn-3ad08dee65fbe51d.png",
    "player_image": "http://res.cloudinary.com/megabytdev/image/upload/v1586664260/tarana-radio-app/media-icons/japan/okinawa/chatan/sn-3ad08dee65fbe51d.png",
    "status": "playing"
  },
  {
    "station_uid": "sn-40ba9f9717d8ecac",
    "name": "JPHiP Radio live",
    "radio_uid": "rd-aemxhbptvk7wi3m",
    "likes": 0,
    "popularity": 0,
    "frequency": "",
    "categories": "J-pop,Pop Music",
    "website": "",
    "city": "Tokyo",
    "state": "Tokyo",
    "country": "Japan",
    "streams": "[\"http://radio.jphip.com:8800/;\"]",
    "icon_image": "http://res.cloudinary.com/megabyt-4/image/upload/v1586791786/tarana-radio-app/thumbnail-icons/japan/tokyo/tokyo/sn-40ba9f9717d8ecac.jpg",
    "player_image": "http://res.cloudinary.com/megabytdev/image/upload/v1586664347/tarana-radio-app/media-icons/japan/tokyo/tokyo/sn-40ba9f9717d8ecac.jpg",
    "status": "playing"
  },
  {
    "station_uid": "sn-462ed67cc062a5eb",
    "name": "JPopsuki Radio live",
    "radio_uid": "rd-5rtioh3wefirqpx",
    "likes": 0,
    "popularity": 0,
    "frequency": "",
    "categories": "J-pop",
    "website": "",
    "city": "Tokyo",
    "state": "Tokyo",
    "country": "Japan",
    "streams": "[\"http://jpopsuki.fm:8000/stream\"]",
    "icon_image": "http://res.cloudinary.com/megabyt-4/image/upload/v1586791789/tarana-radio-app/thumbnail-icons/japan/tokyo/tokyo/sn-462ed67cc062a5eb.jpg",
    "player_image": "http://res.cloudinary.com/megabytdev/image/upload/v1586664351/tarana-radio-app/media-icons/japan/tokyo/tokyo/sn-462ed67cc062a5eb.jpg",
    "status": "playing"
  },
  {
    "station_uid": "sn-5dbe6afe867dc9e7",
    "name": "FMうるま (FM Uruma) live",
    "radio_uid": "rd-ewen18o9zfeoqhb",
    "likes": 0,
    "popularity": 0,
    "frequency": "",
    "categories": "Community,News",
    "website": "",
    "city": "Naha",
    "state": "Okinawa",
    "country": "Japan",
    "streams": "[\"https://mtist.as.smartstream.ne.jp/30011/livestream/playlist.m3u8\"]",
    "icon_image": "http://res.cloudinary.com/megabyt-4/image/upload/v1586791704/tarana-radio-app/thumbnail-icons/japan/okinawa/naha/sn-5dbe6afe867dc9e7.jpg",
    "player_image": "http://res.cloudinary.com/megabytdev/image/upload/v1586664265/tarana-radio-app/media-icons/japan/okinawa/naha/sn-5dbe6afe867dc9e7.jpg",
    "status": "playing"
  },
  {
    "station_uid": "sn-6b43996c467534b5",
    "name": "湘南ビーチFM (Shonan Beach FM) live",
    "radio_uid": "rd-oxiphh7lbdg0qf8",
    "likes": 0,
    "popularity": 0,
    "frequency": "",
    "categories": "Adult Contemporary,Oldies",
    "website": "",
    "city": "Zushi",
    "state": "Kanagawa",
    "country": "Japan",
    "streams": "[\"http://150.95.174.29:8000/by_the_sea\"]",
    "icon_image": "http://res.cloudinary.com/megabyt-4/image/upload/v1586791654/tarana-radio-app/thumbnail-icons/japan/kanagawa/zushi/sn-6b43996c467534b5.png",
    "player_image": "http://res.cloudinary.com/megabytdev/image/upload/v1586664215/tarana-radio-app/media-icons/japan/kanagawa/zushi/sn-6b43996c467534b5.png",
    "status": "playing"
  },
  {
    "station_uid": "sn-6c1ba4fa9f7ef9ba",
    "name": "LISTEN.moe live",
    "radio_uid": "rd-z5v8bpvhhjv0i0w",
    "likes": 0,
    "popularity": 0,
    "frequency": "",
    "categories": "",
    "website": "",
    "city": "Sapporo",
    "state": "Hokkaido",
    "country": "Japan",
    "streams": "[\"https://listen.moe/opus\", \"https://listen.moe/fallback\", \"https://listen.moe/stream\"]",
    "icon_image": "http://res.cloudinary.com/megabyt-4/image/upload/v1586791588/tarana-radio-app/thumbnail-icons/japan/hokkaido/sapporo/sn-6c1ba4fa9f7ef9ba.jpg",
    "player_image": "http://res.cloudinary.com/megabytdev/image/upload/v1586664145/tarana-radio-app/media-icons/japan/hokkaido/sapporo/sn-6c1ba4fa9f7ef9ba.jpg",
    "status": "playing"
  },
  {
    "station_uid": "sn-76389d44e4f8cb8e",
    "name": "ぎのわんシティFM (Ginowan City FM) live",
    "radio_uid": "rd-k6lx7p2amhq0chf",
    "likes": 0,
    "popularity": 0,
    "frequency": "",
    "categories": "",
    "website": "",
    "city": "Okinawa",
    "state": "Okinawa",
    "country": "Japan",
    "streams": "[\"https://mtist.as.smartstream.ne.jp/30098/livestream/playlist.m3u8\"]",
    "icon_image": "http://res.cloudinary.com/megabyt-4/image/upload/v1586791710/tarana-radio-app/thumbnail-icons/japan/okinawa/okinawa/sn-76389d44e4f8cb8e.jpg",
    "player_image": "http://res.cloudinary.com/megabytdev/image/upload/v1586664272/tarana-radio-app/media-icons/japan/okinawa/okinawa/sn-76389d44e4f8cb8e.jpg",
    "status": "playing"
  },
  {
    "station_uid": "sn-7a1b7179328f2323",
    "name": "Future Groove live",
    "radio_uid": "rd-ttrowona8gp2fbr",
    "likes": 0,
    "popularity": 0,
    "frequency": "",
    "categories": "",
    "website": "",
    "city": "Tokyo",
    "state": "Tokyo",
    "country": "Japan",
    "streams": "[\"http://streamer.radio.co/s4b3dafa6d/listen\"]",
    "icon_image": "http://res.cloudinary.com/megabyt-4/image/upload/v1586791801/tarana-radio-app/thumbnail-icons/japan/tokyo/tokyo/sn-7a1b7179328f2323.jpg",
    "player_image": "http://res.cloudinary.com/megabytdev/image/upload/v1586664362/tarana-radio-app/media-icons/japan/tokyo/tokyo/sn-7a1b7179328f2323.jpg",
    "status": "playing"
  },
  {
    "station_uid": "sn-88cdbacdbc840fe2",
    "name": "FM那覇 (FM Naha) live",
    "radio_uid": "rd-pkxs0e2khirr4mq",
    "likes": 0,
    "popularity": 0,
    "frequency": "",
    "categories": "",
    "website": "",
    "city": "Naha",
    "state": "Okinawa",
    "country": "Japan",
    "streams": "[\"https://mtist.as.smartstream.ne.jp/30068/livestream/playlist.m3u8\"]",
    "icon_image": "http://res.cloudinary.com/megabyt-4/image/upload/v1586791705/tarana-radio-app/thumbnail-icons/japan/okinawa/naha/sn-88cdbacdbc840fe2.jpg",
    "player_image": "http://res.cloudinary.com/megabytdev/image/upload/v1586664266/tarana-radio-app/media-icons/japan/okinawa/naha/sn-88cdbacdbc840fe2.jpg",
    "status": "playing"
  },
  {
    "station_uid": "sn-8addf8e0e1f318b7",
    "name": "FMとよみ (FM Toyomi) live",
    "radio_uid": "rd-rrct3nw9v4vznrz",
    "likes": 0,
    "popularity": 0,
    "frequency": "",
    "categories": "Community,News",
    "website": "",
    "city": "Tomigusuku",
    "state": "Okinawa",
    "country": "Japan",
    "streams": "[\"https://mtist.as.smartstream.ne.jp/30083/livestream/playlist.m3u8\"]",
    "icon_image": "http://res.cloudinary.com/megabyt-4/image/upload/v1586791715/tarana-radio-app/thumbnail-icons/japan/okinawa/tomigusuku/sn-8addf8e0e1f318b7.png",
    "player_image": "http://res.cloudinary.com/megabytdev/image/upload/v1586664277/tarana-radio-app/media-icons/japan/okinawa/tomigusuku/sn-8addf8e0e1f318b7.png",
    "status": "playing"
  },
  {
    "station_uid": "sn-af5bbe75c03dcc7b",
    "name": "Retro PC GAME Streaming Radio live",
    "radio_uid": "rd-gi8uh6mnd6qqc0h",
    "likes": 0,
    "popularity": 0,
    "frequency": "",
    "categories": "",
    "website": "",
    "city": "Tokyo",
    "state": "Tokyo",
    "country": "Japan",
    "streams": "[\"http://gyusyabu.ddo.jp:8000/;\"]",
    "icon_image": "http://res.cloudinary.com/megabyt-4/image/upload/v1586791812/tarana-radio-app/thumbnail-icons/japan/tokyo/tokyo/sn-af5bbe75c03dcc7b.gif",
    "player_image": "http://res.cloudinary.com/megabytdev/image/upload/v1586664373/tarana-radio-app/media-icons/japan/tokyo/tokyo/sn-af5bbe75c03dcc7b.gif",
    "status": "playing"
  },
  {
    "station_uid": "sn-b7af3fb4e22916ad",
    "name": "FM Kahoku live",
    "radio_uid": "rd-3x6kysicr7z8ku1",
    "likes": 0,
    "popularity": 0,
    "frequency": "",
    "categories": "Community,Talk",
    "website": "",
    "city": "Ishikawa",
    "state": "Okinawa",
    "country": "Japan",
    "streams": "[\"http://radio.kahoku.net:8000/;\"]",
    "icon_image": "http://res.cloudinary.com/megabyt-4/image/upload/v1586791702/tarana-radio-app/thumbnail-icons/japan/okinawa/ishikawa/sn-b7af3fb4e22916ad.png",
    "player_image": "http://res.cloudinary.com/megabytdev/image/upload/v1586664264/tarana-radio-app/media-icons/japan/okinawa/ishikawa/sn-b7af3fb4e22916ad.png",
    "status": "playing"
  },
  {
    "station_uid": "sn-c097f61e224d0177",
    "name": "Radio Shiga live",
    "radio_uid": "rd-eqh7dh3vlr36iuh",
    "likes": 0,
    "popularity": 0,
    "frequency": "",
    "categories": "",
    "website": "",
    "city": "Kōnan",
    "state": "Aichi",
    "country": "Japan",
    "streams": "[\"http://sv10.hdradios.net:21920/;\"]",
    "icon_image": "http://res.cloudinary.com/megabyt-4/image/upload/v1586791506/tarana-radio-app/thumbnail-icons/japan/aichi/konan/sn-c097f61e224d0177.jpg",
    "player_image": "http://res.cloudinary.com/megabytdev/image/upload/v1586664063/tarana-radio-app/media-icons/japan/aichi/konan/sn-c097f61e224d0177.jpg",
    "status": "playing"
  },
  {
    "station_uid": "sn-eaac36b906bec7f0",
    "name": "FMなんじょう (FM Nanjo) live",
    "radio_uid": "rd-6ffdf414ff3bomn",
    "likes": 0,
    "popularity": 0,
    "frequency": "",
    "categories": "Community,News",
    "website": "",
    "city": "Okinawa",
    "state": "Okinawa",
    "country": "Japan",
    "streams": "[\"https://mtist.as.smartstream.ne.jp/30055/livestream/playlist.m3u8\"]",
    "icon_image": "http://res.cloudinary.com/megabyt-4/image/upload/v1586791714/tarana-radio-app/thumbnail-icons/japan/okinawa/okinawa/sn-eaac36b906bec7f0.png",
    "player_image": "http://res.cloudinary.com/megabytdev/image/upload/v1586664276/tarana-radio-app/media-icons/japan/okinawa/okinawa/sn-eaac36b906bec7f0.png",
    "status": "playing"
  },
  {
    "station_uid": "sn-ebb58059ae6e7278",
    "name": "エフエムつやま FM 78.0 live",
    "radio_uid": "rd-q2gges3udfh4qfm",
    "likes": 0,
    "popularity": 0,
    "frequency": "",
    "categories": "",
    "website": "",
    "city": "Tsuyama",
    "state": "Okayama",
    "country": "Japan",
    "streams": "[\"http://onair.fm-tsuyama.jp:1080/fmtsuyama_live.ogg\"]",
    "icon_image": "http://res.cloudinary.com/megabyt-4/image/upload/v1586791697/tarana-radio-app/thumbnail-icons/japan/okayama/tsuyama/sn-ebb58059ae6e7278.png",
    "player_image": "http://res.cloudinary.com/megabytdev/image/upload/v1586664259/tarana-radio-app/media-icons/japan/okayama/tsuyama/sn-ebb58059ae6e7278.png",
    "status": "playing"
  }
]
